benchmark	mode	entries	miss_ns	plain_us	runtime_us	abs_overhead_us	abs_overhead_pct	proj_overhead_us	proj_overhead_pct	iommu_checks	iotlb_hits	iotlb_misses	iotlb_hit_rate_pct	smid_requests	smid_validations
bfs	plain	-	-	681.160	681.160	0.000	0.000%	-	-	-	-	-	-	0	0
bfs	aia-kd	-	-	681.160	723.068	41.908	6.152%	92.037	13.512%	-	-	-	-	11414	5
bfs	iommu_e8_m100ns	8	100	681.160	779.629	98.469	14.456%	48.446	7.112%	23733	23723	10	99.9579%	0	0
bfs	iommu_e8_m250ns	8	250	681.160	779.629	98.469	14.456%	49.942	7.332%	23731	23721	10	99.9579%	0	0
bfs	iommu_e8_m500ns	8	500	681.160	780.413	99.253	14.571%	52.442	7.699%	23731	23721	10	99.9579%	0	0
bfs	iommu_e8_m1000ns	8	1000	681.160	783.172	102.012	14.976%	57.446	8.434%	23733	23723	10	99.9579%	0	0
bfs	iommu_e16_m100ns	16	100	681.160	779.629	98.469	14.456%	48.446	7.112%	23733	23723	10	99.9579%	0	0
bfs	iommu_e16_m250ns	16	250	681.160	779.629	98.469	14.456%	49.942	7.332%	23731	23721	10	99.9579%	0	0
bfs	iommu_e16_m500ns	16	500	681.160	780.413	99.253	14.571%	52.442	7.699%	23731	23721	10	99.9579%	0	0
bfs	iommu_e16_m1000ns	16	1000	681.160	783.172	102.012	14.976%	57.446	8.434%	23733	23723	10	99.9579%	0	0
bfs	iommu_e32_m100ns	32	100	681.160	779.629	98.469	14.456%	48.446	7.112%	23733	23723	10	99.9579%	0	0
bfs	iommu_e32_m250ns	32	250	681.160	779.629	98.469	14.456%	49.942	7.332%	23731	23721	10	99.9579%	0	0
bfs	iommu_e32_m500ns	32	500	681.160	780.413	99.253	14.571%	52.442	7.699%	23731	23721	10	99.9579%	0	0
bfs	iommu_e32_m1000ns	32	1000	681.160	783.172	102.012	14.976%	57.446	8.434%	23733	23723	10	99.9579%	0	0
bfs	iommu_e64_m100ns	64	100	681.160	779.629	98.469	14.456%	48.446	7.112%	23733	23723	10	99.9579%	0	0
bfs	iommu_e64_m250ns	64	250	681.160	779.629	98.469	14.456%	49.942	7.332%	23731	23721	10	99.9579%	0	0
bfs	iommu_e64_m500ns	64	500	681.160	780.413	99.253	14.571%	52.442	7.699%	23731	23721	10	99.9579%	0	0
bfs	iommu_e64_m1000ns	64	1000	681.160	783.172	102.012	14.976%	57.446	8.434%	23733	23723	10	99.9579%	0	0
bfs	iommu_e256_m100ns	256	100	681.160	779.629	98.469	14.456%	48.446	7.112%	23733	23723	10	99.9579%	0	0
bfs	iommu_e256_m250ns	256	250	681.160	779.629	98.469	14.456%	49.942	7.332%	23731	23721	10	99.9579%	0	0
bfs	iommu_e256_m500ns	256	500	681.160	780.413	99.253	14.571%	52.442	7.699%	23731	23721	10	99.9579%	0	0
bfs	iommu_e256_m1000ns	256	1000	681.160	783.172	102.012	14.976%	57.446	8.434%	23733	23723	10	99.9579%	0	0
bfs	iommu_e2048_m100ns	2048	100	681.160	779.629	98.469	14.456%	48.446	7.112%	23733	23723	10	99.9579%	0	0
bfs	iommu_e2048_m250ns	2048	250	681.160	779.629	98.469	14.456%	49.942	7.332%	23731	23721	10	99.9579%	0	0
bfs	iommu_e2048_m500ns	2048	500	681.160	780.413	99.253	14.571%	52.442	7.699%	23731	23721	10	99.9579%	0	0
bfs	iommu_e2048_m1000ns	2048	1000	681.160	783.172	102.012	14.976%	57.446	8.434%	23733	23723	10	99.9579%	0	0
fft	plain	-	-	1701.326	1701.326	0.000	0.000%	-	-	-	-	-	-	0	0
fft	aia-kd	-	-	1701.326	1695.795	-5.531	-0.325%	175.267	10.302%	-	-	-	-	109014	7
fft	iommu_e8_m100ns	8	100	1701.326	1704.253	2.927	0.172%	437.616	25.722%	218122	218108	14	99.9936%	0	0
fft	iommu_e8_m250ns	8	250	1701.326	1706.106	4.780	0.281%	439.720	25.846%	218124	218110	14	99.9936%	0	0
fft	iommu_e8_m500ns	8	500	1701.326	1708.470	7.144	0.420%	443.220	26.051%	218124	218110	14	99.9936%	0	0
fft	iommu_e8_m1000ns	8	1000	1701.326	1711.303	9.977	0.586%	450.220	26.463%	218124	218110	14	99.9936%	0	0
fft	iommu_e16_m100ns	16	100	1701.326	1704.253	2.927	0.172%	437.616	25.722%	218122	218108	14	99.9936%	0	0
fft	iommu_e16_m250ns	16	250	1701.326	1706.106	4.780	0.281%	439.720	25.846%	218124	218110	14	99.9936%	0	0
fft	iommu_e16_m500ns	16	500	1701.326	1708.470	7.144	0.420%	443.220	26.051%	218124	218110	14	99.9936%	0	0
fft	iommu_e16_m1000ns	16	1000	1701.326	1711.303	9.977	0.586%	450.220	26.463%	218124	218110	14	99.9936%	0	0
fft	iommu_e32_m100ns	32	100	1701.326	1704.253	2.927	0.172%	437.616	25.722%	218122	218108	14	99.9936%	0	0
fft	iommu_e32_m250ns	32	250	1701.326	1706.106	4.780	0.281%	439.720	25.846%	218124	218110	14	99.9936%	0	0
fft	iommu_e32_m500ns	32	500	1701.326	1708.470	7.144	0.420%	443.220	26.051%	218124	218110	14	99.9936%	0	0
fft	iommu_e32_m1000ns	32	1000	1701.326	1711.303	9.977	0.586%	450.220	26.463%	218124	218110	14	99.9936%	0	0
fft	iommu_e64_m100ns	64	100	1701.326	1704.253	2.927	0.172%	437.616	25.722%	218122	218108	14	99.9936%	0	0
fft	iommu_e64_m250ns	64	250	1701.326	1706.106	4.780	0.281%	439.720	25.846%	218124	218110	14	99.9936%	0	0
fft	iommu_e64_m500ns	64	500	1701.326	1708.470	7.144	0.420%	443.220	26.051%	218124	218110	14	99.9936%	0	0
fft	iommu_e64_m1000ns	64	1000	1701.326	1711.303	9.977	0.586%	450.220	26.463%	218124	218110	14	99.9936%	0	0
fft	iommu_e256_m100ns	256	100	1701.326	1704.253	2.927	0.172%	437.616	25.722%	218122	218108	14	99.9936%	0	0
fft	iommu_e256_m250ns	256	250	1701.326	1706.106	4.780	0.281%	439.720	25.846%	218124	218110	14	99.9936%	0	0
fft	iommu_e256_m500ns	256	500	1701.326	1708.470	7.144	0.420%	443.220	26.051%	218124	218110	14	99.9936%	0	0
fft	iommu_e256_m1000ns	256	1000	1701.326	1711.303	9.977	0.586%	450.220	26.463%	218124	218110	14	99.9936%	0	0
fft	iommu_e2048_m100ns	2048	100	1701.326	1704.253	2.927	0.172%	437.616	25.722%	218122	218108	14	99.9936%	0	0
fft	iommu_e2048_m250ns	2048	250	1701.326	1706.106	4.780	0.281%	439.720	25.846%	218124	218110	14	99.9936%	0	0
fft	iommu_e2048_m500ns	2048	500	1701.326	1708.470	7.144	0.420%	443.220	26.051%	218124	218110	14	99.9936%	0	0
fft	iommu_e2048_m1000ns	2048	1000	1701.326	1711.303	9.977	0.586%	450.220	26.463%	218124	218110	14	99.9936%	0	0
gemm	plain	-	-	443542.174	443542.174	0.000	0.000%	-	-	-	-	-	-	0	0
gemm	aia-kd	-	-	443542.174	443619.956	77.782	0.018%	4393.245	0.990%	-	-	-	-	538884	25
gemm	iommu_e8_m100ns	8	100	443542.174	447369.783	3827.609	0.863%	9902.780	2.233%	1127627	1049591	78036	93.0796%	0	0
gemm	iommu_e8_m250ns	8	250	443542.174	453321.189	9779.015	2.205%	21608.200	4.872%	1127627	1049591	78036	93.0796%	0	0
gemm	iommu_e8_m500ns	8	500	443542.174	464034.505	20492.331	4.620%	41117.200	9.270%	1127627	1049591	78036	93.0796%	0	0
gemm	iommu_e8_m1000ns	8	1000	443542.174	482499.493	38957.319	8.783%	80135.200	18.067%	1127625	1049589	78036	93.0796%	0	0
gemm	iommu_e16_m100ns	16	100	443542.174	443690.029	147.855	0.033%	2348.070	0.529%	1078484	1076534	1950	99.8192%	0	0
gemm	iommu_e16_m250ns	16	250	443542.174	444398.616	856.442	0.193%	2640.570	0.595%	1078484	1076534	1950	99.8192%	0	0
gemm	iommu_e16_m500ns	16	500	443542.174	443040.856	-501.318	-0.113%	3128.070	0.705%	1078484	1076534	1950	99.8192%	0	0
gemm	iommu_e16_m1000ns	16	1000	443542.174	446058.668	2516.494	0.567%	4103.060	0.925%	1078482	1076532	1950	99.8192%	0	0
gemm	iommu_e32_m100ns	32	100	443542.174	442523.896	-1018.278	-0.230%	2160.730	0.487%	1077916	1077866	50	99.9954%	0	0
gemm	iommu_e32_m250ns	32	250	443542.174	443497.126	-45.048	-0.010%	2168.230	0.489%	1077916	1077866	50	99.9954%	0	0
gemm	iommu_e32_m500ns	32	500	443542.174	443691.772	149.598	0.034%	2180.730	0.492%	1077916	1077866	50	99.9954%	0	0
gemm	iommu_e32_m1000ns	32	1000	443542.174	443347.452	-194.722	-0.044%	2205.730	0.497%	1077914	1077864	50	99.9954%	0	0
gemm	iommu_e64_m100ns	64	100	443542.174	442523.896	-1018.278	-0.230%	2160.730	0.487%	1077916	1077866	50	99.9954%	0	0
gemm	iommu_e64_m250ns	64	250	443542.174	443497.126	-45.048	-0.010%	2168.230	0.489%	1077916	1077866	50	99.9954%	0	0
gemm	iommu_e64_m500ns	64	500	443542.174	443691.772	149.598	0.034%	2180.730	0.492%	1077916	1077866	50	99.9954%	0	0
gemm	iommu_e64_m1000ns	64	1000	443542.174	443347.452	-194.722	-0.044%	2205.730	0.497%	1077914	1077864	50	99.9954%	0	0
gemm	iommu_e256_m100ns	256	100	443542.174	442523.896	-1018.278	-0.230%	2160.730	0.487%	1077916	1077866	50	99.9954%	0	0
gemm	iommu_e256_m250ns	256	250	443542.174	443497.126	-45.048	-0.010%	2168.230	0.489%	1077916	1077866	50	99.9954%	0	0
gemm	iommu_e256_m500ns	256	500	443542.174	443691.772	149.598	0.034%	2180.730	0.492%	1077916	1077866	50	99.9954%	0	0
gemm	iommu_e256_m1000ns	256	1000	443542.174	443347.452	-194.722	-0.044%	2205.730	0.497%	1077914	1077864	50	99.9954%	0	0
gemm	iommu_e2048_m100ns	2048	100	443542.174	442523.896	-1018.278	-0.230%	2160.730	0.487%	1077916	1077866	50	99.9954%	0	0
gemm	iommu_e2048_m250ns	2048	250	443542.174	443497.126	-45.048	-0.010%	2168.230	0.489%	1077916	1077866	50	99.9954%	0	0
gemm	iommu_e2048_m500ns	2048	500	443542.174	443691.772	149.598	0.034%	2180.730	0.492%	1077916	1077866	50	99.9954%	0	0
gemm	iommu_e2048_m1000ns	2048	1000	443542.174	443347.452	-194.722	-0.044%	2205.730	0.497%	1077914	1077864	50	99.9954%	0	0
lenet_a	plain	-	-	16233.197	16233.197	0.000	0.000%	-	-	-	-	-	-	0	0
lenet_a	aia-kd	-	-	16233.197	16532.882	299.685	1.846%	677.727	4.175%	-	-	-	-	963239	77
lenet_a	iommu_e8_m100ns	8	100	16233.197	16895.460	662.263	4.080%	12055.766	74.266%	5093105	5074028	19077	99.6254%	0	0
lenet_a	iommu_e8_m250ns	8	250	16233.197	17888.006	1654.809	10.194%	14917.724	91.896%	5093315	5074238	19077	99.6255%	0	0
lenet_a	iommu_e8_m500ns	8	500	16233.197	19543.405	3310.208	20.392%	19686.960	121.276%	5093305	5074228	19077	99.6254%	0	0
lenet_a	iommu_e8_m1000ns	8	1000	16233.197	22854.550	6621.353	40.789%	29225.450	180.035%	5093303	5074226	19077	99.6254%	0	0
lenet_a	iommu_e16_m100ns	16	100	16233.197	16812.391	579.194	3.568%	11891.626	73.255%	5092429	5075013	17416	99.6580%	0	0
lenet_a	iommu_e16_m250ns	16	250	16233.197	17681.059	1447.862	8.919%	14504.434	89.350%	5092639	5075223	17416	99.6580%	0	0
lenet_a	iommu_e16_m500ns	16	500	16233.197	19128.240	2895.043	17.834%	18858.420	116.172%	5092629	5075213	17416	99.6580%	0	0
lenet_a	iommu_e16_m1000ns	16	1000	16233.197	22023.110	5789.913	35.667%	27566.420	169.815%	5092627	5075211	17416	99.6580%	0	0
lenet_a	iommu_e32_m100ns	32	100	16233.197	16812.391	579.194	3.568%	11891.626	73.255%	5092429	5075013	17416	99.6580%	0	0
lenet_a	iommu_e32_m250ns	32	250	16233.197	17681.059	1447.862	8.919%	14504.434	89.350%	5092639	5075223	17416	99.6580%	0	0
lenet_a	iommu_e32_m500ns	32	500	16233.197	19128.240	2895.043	17.834%	18858.420	116.172%	5092629	5075213	17416	99.6580%	0	0
lenet_a	iommu_e32_m1000ns	32	1000	16233.197	22023.110	5789.913	35.667%	27566.420	169.815%	5092627	5075211	17416	99.6580%	0	0
lenet_a	iommu_e64_m100ns	64	100	16233.197	16240.983	7.786	0.048%	10198.066	62.822%	5085559	5085284	275	99.9946%	0	0
lenet_a	iommu_e64_m250ns	64	250	16233.197	16252.857	19.660	0.121%	10239.324	63.076%	5085562	5085287	275	99.9946%	0	0
lenet_a	iommu_e64_m500ns	64	500	16233.197	16270.837	37.640	0.232%	10308.050	63.500%	5085544	5085269	275	99.9946%	0	0
lenet_a	iommu_e64_m1000ns	64	1000	16233.197	16309.717	76.520	0.471%	10445.550	64.347%	5085544	5085269	275	99.9946%	0	0
lenet_a	iommu_e256_m100ns	256	100	16233.197	16240.983	7.786	0.048%	10198.066	62.822%	5085559	5085284	275	99.9946%	0	0
lenet_a	iommu_e256_m250ns	256	250	16233.197	16252.857	19.660	0.121%	10239.324	63.076%	5085562	5085287	275	99.9946%	0	0
lenet_a	iommu_e256_m500ns	256	500	16233.197	16270.837	37.640	0.232%	10308.050	63.500%	5085544	5085269	275	99.9946%	0	0
lenet_a	iommu_e256_m1000ns	256	1000	16233.197	16309.717	76.520	0.471%	10445.550	64.347%	5085544	5085269	275	99.9946%	0	0
lenet_a	iommu_e2048_m100ns	2048	100	16233.197	16240.983	7.786	0.048%	10198.066	62.822%	5085559	5085284	275	99.9946%	0	0
lenet_a	iommu_e2048_m250ns	2048	250	16233.197	16252.857	19.660	0.121%	10239.324	63.076%	5085562	5085287	275	99.9946%	0	0
lenet_a	iommu_e2048_m500ns	2048	500	16233.197	16270.837	37.640	0.232%	10308.050	63.500%	5085544	5085269	275	99.9946%	0	0
lenet_a	iommu_e2048_m1000ns	2048	1000	16233.197	16309.717	76.520	0.471%	10445.550	64.347%	5085544	5085269	275	99.9946%	0	0
lenet_b	plain	-	-	12300.043	12300.043	0.000	0.000%	-	-	-	-	-	-	0	0
lenet_b	aia-kd	-	-	12300.043	12301.793	1.750	0.014%	767.562	6.240%	-	-	-	-	948965	77
lenet_b	iommu_e8_m100ns	8	100	12300.043	13706.845	1406.802	11.437%	29848.990	242.674%	9037979	8917846	120133	98.6708%	0	0
lenet_b	iommu_e8_m250ns	8	250	12300.043	15958.567	3658.524	29.744%	47741.790	388.143%	9046945	8927397	119548	98.6786%	0	0
lenet_b	iommu_e8_m500ns	8	500	12300.043	19739.079	7439.036	60.480%	77926.870	633.550%	9047333	8927188	120145	98.6720%	0	0
lenet_b	iommu_e8_m1000ns	8	1000	12300.043	27278.510	14978.467	121.776%	137999.320	1121.942%	9047333	8927188	120145	98.6720%	0	0
lenet_b	iommu_e16_m100ns	16	100	12300.043	12888.511	588.468	4.784%	20423.058	166.041%	9032152	9008083	24069	99.7335%	0	0
lenet_b	iommu_e16_m250ns	16	250	12300.043	13773.317	1473.274	11.978%	24034.300	195.400%	9032593	9008524	24069	99.7335%	0	0
lenet_b	iommu_e16_m500ns	16	500	12300.043	15252.181	2952.138	24.001%	30052.440	244.328%	9033035	9008966	24069	99.7335%	0	0
lenet_b	iommu_e16_m1000ns	16	1000	12300.043	18205.273	5905.230	48.010%	42086.940	342.169%	9033035	9008966	24069	99.7335%	0	0
lenet_b	iommu_e32_m100ns	32	100	12300.043	12862.374	562.331	4.572%	20324.034	165.235%	9031831	9008766	23065	99.7446%	0	0
lenet_b	iommu_e32_m250ns	32	250	12300.043	13712.843	1412.800	11.486%	23785.380	193.376%	9032629	9009564	23065	99.7446%	0	0
lenet_b	iommu_e32_m500ns	32	500	12300.043	15128.868	2828.825	22.998%	29550.630	240.248%	9032122	9009057	23065	99.7446%	0	0
lenet_b	iommu_e32_m1000ns	32	1000	12300.043	17961.654	5661.611	46.029%	41083.130	334.008%	9032122	9009057	23065	99.7446%	0	0
lenet_b	iommu_e64_m100ns	64	100	12300.043	12306.340	6.297	0.051%	18117.224	147.294%	9022696	9021963	733	99.9919%	0	0
lenet_b	iommu_e64_m250ns	64	250	12300.043	12318.180	18.137	0.147%	18227.800	148.193%	9023013	9022280	733	99.9919%	0	0
lenet_b	iommu_e64_m500ns	64	500	12300.043	12338.273	38.230	0.311%	18410.060	149.675%	9022511	9021778	733	99.9919%	0	0
lenet_b	iommu_e64_m1000ns	64	1000	12300.043	12377.826	77.783	0.632%	18776.560	152.654%	9022511	9021778	733	99.9919%	0	0
lenet_b	iommu_e256_m100ns	256	100	12300.043	12306.340	6.297	0.051%	18117.124	147.293%	9022696	9021964	732	99.9919%	0	0
lenet_b	iommu_e256_m250ns	256	250	12300.043	12317.365	17.322	0.141%	18227.550	148.191%	9023013	9022281	732	99.9919%	0	0
lenet_b	iommu_e256_m500ns	256	500	12300.043	12337.857	37.814	0.307%	18409.570	149.671%	9022511	9021779	732	99.9919%	0	0
lenet_b	iommu_e256_m1000ns	256	1000	12300.043	12376.279	76.236	0.620%	18775.570	152.646%	9022511	9021779	732	99.9919%	0	0
lenet_b	iommu_e2048_m100ns	2048	100	12300.043	12306.340	6.297	0.051%	18117.124	147.293%	9022696	9021964	732	99.9919%	0	0
lenet_b	iommu_e2048_m250ns	2048	250	12300.043	12317.365	17.322	0.141%	18227.550	148.191%	9023013	9022281	732	99.9919%	0	0
lenet_b	iommu_e2048_m500ns	2048	500	12300.043	12337.857	37.814	0.307%	18409.570	149.671%	9022511	9021779	732	99.9919%	0	0
lenet_b	iommu_e2048_m1000ns	2048	1000	12300.043	12376.279	76.236	0.620%	18775.570	152.646%	9022511	9021779	732	99.9919%	0	0
lenet_c	plain	-	-	14916.211	14916.211	0.000	0.000%	-	-	-	-	-	-	0	0
lenet_c	aia-kd	-	-	14916.211	15179.398	263.187	1.764%	660.993	4.431%	-	-	-	-	2069603	63
lenet_c	iommu_e8_m100ns	8	100	14916.211	15274.360	358.149	2.401%	50150.550	336.215%	23607529	23577575	29954	99.8731%	0	0
lenet_c	iommu_e8_m250ns	8	250	14916.211	15877.836	961.625	6.447%	54544.720	365.674%	23563775	23533867	29908	99.8731%	0	0
lenet_c	iommu_e8_m500ns	8	500	14916.211	17788.175	2871.964	19.254%	62132.130	416.541%	23607516	23577562	29954	99.8731%	0	0
lenet_c	iommu_e8_m1000ns	8	1000	14916.211	20930.574	6014.363	40.321%	77109.020	516.948%	23607516	23577562	29954	99.8731%	0	0
lenet_c	iommu_e16_m100ns	16	100	14916.211	15298.316	382.105	2.562%	49944.930	334.837%	23614139	23586418	27721	99.8826%	0	0
lenet_c	iommu_e16_m250ns	16	250	14916.211	15788.133	871.922	5.845%	54004.110	362.050%	23570361	23542686	27675	99.8826%	0	0
lenet_c	iommu_e16_m500ns	16	500	14916.211	17513.616	2597.405	17.413%	61033.310	409.174%	23614126	23586405	27721	99.8826%	0	0
lenet_c	iommu_e16_m1000ns	16	1000	14916.211	20281.692	5365.481	35.971%	74893.810	502.097%	23614126	23586405	27721	99.8826%	0	0
lenet_c	iommu_e32_m100ns	32	100	14916.211	15298.316	382.105	2.562%	49944.930	334.837%	23614139	23586418	27721	99.8826%	0	0
lenet_c	iommu_e32_m250ns	32	250	14916.211	15788.133	871.922	5.845%	54004.110	362.050%	23570361	23542686	27675	99.8826%	0	0
lenet_c	iommu_e32_m500ns	32	500	14916.211	17513.616	2597.405	17.413%	61033.310	409.174%	23614126	23586405	27721	99.8826%	0	0
lenet_c	iommu_e32_m1000ns	32	1000	14916.211	20281.692	5365.481	35.971%	74893.810	502.097%	23614126	23586405	27721	99.8826%	0	0
lenet_c	iommu_e64_m100ns	64	100	14916.211	14868.056	-48.155	-0.323%	47263.540	316.860%	23614574	23614223	351	99.9985%	0	0
lenet_c	iommu_e64_m250ns	64	250	14916.211	14872.101	-44.110	-0.296%	47314.020	317.199%	23613491	23613140	351	99.9985%	0	0
lenet_c	iommu_e64_m500ns	64	500	14916.211	14892.830	-23.381	-0.157%	47403.920	317.801%	23614561	23614210	351	99.9985%	0	0
lenet_c	iommu_e64_m1000ns	64	1000	14916.211	14923.973	7.762	0.052%	47579.420	318.978%	23614561	23614210	351	99.9985%	0	0
lenet_c	iommu_e256_m100ns	256	100	14916.211	14868.056	-48.155	-0.323%	47263.540	316.860%	23614574	23614223	351	99.9985%	0	0
lenet_c	iommu_e256_m250ns	256	250	14916.211	14872.101	-44.110	-0.296%	47314.020	317.199%	23613491	23613140	351	99.9985%	0	0
lenet_c	iommu_e256_m500ns	256	500	14916.211	14892.830	-23.381	-0.157%	47403.920	317.801%	23614561	23614210	351	99.9985%	0	0
lenet_c	iommu_e256_m1000ns	256	1000	14916.211	14923.973	7.762	0.052%	47579.420	318.978%	23614561	23614210	351	99.9985%	0	0
lenet_c	iommu_e2048_m100ns	2048	100	14916.211	14868.056	-48.155	-0.323%	47263.540	316.860%	23614574	23614223	351	99.9985%	0	0
lenet_c	iommu_e2048_m250ns	2048	250	14916.211	14872.101	-44.110	-0.296%	47314.020	317.199%	23613491	23613140	351	99.9985%	0	0
lenet_c	iommu_e2048_m500ns	2048	500	14916.211	14892.830	-23.381	-0.157%	47403.920	317.801%	23614561	23614210	351	99.9985%	0	0
lenet_c	iommu_e2048_m1000ns	2048	1000	14916.211	14923.973	7.762	0.052%	47579.420	318.978%	23614561	23614210	351	99.9985%	0	0
md_grid	plain	-	-	5283.146	5283.146	0.000	0.000%	-	-	-	-	-	-	0	0
md_grid	aia-kd	-	-	5283.146	5332.789	49.643	0.940%	225.909	4.276%	-	-	-	-	119567	8
md_grid	iommu_e8_m100ns	8	100	5283.146	5284.647	1.501	0.028%	478.506	9.057%	238469	238453	16	99.9933%	0	0
md_grid	iommu_e8_m250ns	8	250	5283.146	5286.199	3.053	0.058%	480.906	9.103%	238469	238453	16	99.9933%	0	0
md_grid	iommu_e8_m500ns	8	500	5283.146	5288.141	4.995	0.095%	484.906	9.178%	238469	238453	16	99.9933%	0	0
md_grid	iommu_e8_m1000ns	8	1000	5283.146	5291.765	8.619	0.163%	492.906	9.330%	238469	238453	16	99.9933%	0	0
md_grid	iommu_e16_m100ns	16	100	5283.146	5284.647	1.501	0.028%	478.506	9.057%	238469	238453	16	99.9933%	0	0
md_grid	iommu_e16_m250ns	16	250	5283.146	5286.199	3.053	0.058%	480.906	9.103%	238469	238453	16	99.9933%	0	0
md_grid	iommu_e16_m500ns	16	500	5283.146	5288.141	4.995	0.095%	484.906	9.178%	238469	238453	16	99.9933%	0	0
md_grid	iommu_e16_m1000ns	16	1000	5283.146	5291.765	8.619	0.163%	492.906	9.330%	238469	238453	16	99.9933%	0	0
md_grid	iommu_e32_m100ns	32	100	5283.146	5284.647	1.501	0.028%	478.506	9.057%	238469	238453	16	99.9933%	0	0
md_grid	iommu_e32_m250ns	32	250	5283.146	5286.199	3.053	0.058%	480.906	9.103%	238469	238453	16	99.9933%	0	0
md_grid	iommu_e32_m500ns	32	500	5283.146	5288.141	4.995	0.095%	484.906	9.178%	238469	238453	16	99.9933%	0	0
md_grid	iommu_e32_m1000ns	32	1000	5283.146	5291.765	8.619	0.163%	492.906	9.330%	238469	238453	16	99.9933%	0	0
md_grid	iommu_e64_m100ns	64	100	5283.146	5284.647	1.501	0.028%	478.506	9.057%	238469	238453	16	99.9933%	0	0
md_grid	iommu_e64_m250ns	64	250	5283.146	5286.199	3.053	0.058%	480.906	9.103%	238469	238453	16	99.9933%	0	0
md_grid	iommu_e64_m500ns	64	500	5283.146	5288.141	4.995	0.095%	484.906	9.178%	238469	238453	16	99.9933%	0	0
md_grid	iommu_e64_m1000ns	64	1000	5283.146	5291.765	8.619	0.163%	492.906	9.330%	238469	238453	16	99.9933%	0	0
md_grid	iommu_e256_m100ns	256	100	5283.146	5284.647	1.501	0.028%	478.506	9.057%	238469	238453	16	99.9933%	0	0
md_grid	iommu_e256_m250ns	256	250	5283.146	5286.199	3.053	0.058%	480.906	9.103%	238469	238453	16	99.9933%	0	0
md_grid	iommu_e256_m500ns	256	500	5283.146	5288.141	4.995	0.095%	484.906	9.178%	238469	238453	16	99.9933%	0	0
md_grid	iommu_e256_m1000ns	256	1000	5283.146	5291.765	8.619	0.163%	492.906	9.330%	238469	238453	16	99.9933%	0	0
md_grid	iommu_e2048_m100ns	2048	100	5283.146	5284.647	1.501	0.028%	478.506	9.057%	238469	238453	16	99.9933%	0	0
md_grid	iommu_e2048_m250ns	2048	250	5283.146	5286.199	3.053	0.058%	480.906	9.103%	238469	238453	16	99.9933%	0	0
md_grid	iommu_e2048_m500ns	2048	500	5283.146	5288.141	4.995	0.095%	484.906	9.178%	238469	238453	16	99.9933%	0	0
md_grid	iommu_e2048_m1000ns	2048	1000	5283.146	5291.765	8.619	0.163%	492.906	9.330%	238469	238453	16	99.9933%	0	0
md_knn	plain	-	-	4457.003	4457.003	0.000	0.000%	-	-	-	-	-	-	0	0
md_knn	aia-kd	-	-	4457.003	4503.718	46.715	1.048%	108.771	2.440%	-	-	-	-	23127	8
md_knn	iommu_e8_m100ns	8	100	4457.003	4457.003	0.000	0.000%	92.860	2.083%	45646	45630	16	99.9649%	0	0
md_knn	iommu_e8_m250ns	8	250	4457.003	4460.845	3.842	0.086%	95.264	2.137%	45648	45632	16	99.9649%	0	0
md_knn	iommu_e8_m500ns	8	500	4457.003	4461.240	4.237	0.095%	99.256	2.227%	45644	45628	16	99.9649%	0	0
md_knn	iommu_e8_m1000ns	8	1000	4457.003	4464.789	7.786	0.175%	107.252	2.406%	45642	45626	16	99.9649%	0	0
md_knn	iommu_e16_m100ns	16	100	4457.003	4457.003	0.000	0.000%	92.860	2.083%	45646	45630	16	99.9649%	0	0
md_knn	iommu_e16_m250ns	16	250	4457.003	4460.845	3.842	0.086%	95.264	2.137%	45648	45632	16	99.9649%	0	0
md_knn	iommu_e16_m500ns	16	500	4457.003	4461.240	4.237	0.095%	99.256	2.227%	45644	45628	16	99.9649%	0	0
md_knn	iommu_e16_m1000ns	16	1000	4457.003	4464.789	7.786	0.175%	107.252	2.406%	45642	45626	16	99.9649%	0	0
md_knn	iommu_e32_m100ns	32	100	4457.003	4457.003	0.000	0.000%	92.860	2.083%	45646	45630	16	99.9649%	0	0
md_knn	iommu_e32_m250ns	32	250	4457.003	4460.845	3.842	0.086%	95.264	2.137%	45648	45632	16	99.9649%	0	0
md_knn	iommu_e32_m500ns	32	500	4457.003	4461.240	4.237	0.095%	99.256	2.227%	45644	45628	16	99.9649%	0	0
md_knn	iommu_e32_m1000ns	32	1000	4457.003	4464.789	7.786	0.175%	107.252	2.406%	45642	45626	16	99.9649%	0	0
md_knn	iommu_e64_m100ns	64	100	4457.003	4457.003	0.000	0.000%	92.860	2.083%	45646	45630	16	99.9649%	0	0
md_knn	iommu_e64_m250ns	64	250	4457.003	4460.845	3.842	0.086%	95.264	2.137%	45648	45632	16	99.9649%	0	0
md_knn	iommu_e64_m500ns	64	500	4457.003	4461.240	4.237	0.095%	99.256	2.227%	45644	45628	16	99.9649%	0	0
md_knn	iommu_e64_m1000ns	64	1000	4457.003	4464.789	7.786	0.175%	107.252	2.406%	45642	45626	16	99.9649%	0	0
md_knn	iommu_e256_m100ns	256	100	4457.003	4457.003	0.000	0.000%	92.860	2.083%	45646	45630	16	99.9649%	0	0
md_knn	iommu_e256_m250ns	256	250	4457.003	4460.845	3.842	0.086%	95.264	2.137%	45648	45632	16	99.9649%	0	0
md_knn	iommu_e256_m500ns	256	500	4457.003	4461.240	4.237	0.095%	99.256	2.227%	45644	45628	16	99.9649%	0	0
md_knn	iommu_e256_m1000ns	256	1000	4457.003	4464.789	7.786	0.175%	107.252	2.406%	45642	45626	16	99.9649%	0	0
md_knn	iommu_e2048_m100ns	2048	100	4457.003	4457.003	0.000	0.000%	92.860	2.083%	45646	45630	16	99.9649%	0	0
md_knn	iommu_e2048_m250ns	2048	250	4457.003	4460.845	3.842	0.086%	95.264	2.137%	45648	45632	16	99.9649%	0	0
md_knn	iommu_e2048_m500ns	2048	500	4457.003	4461.240	4.237	0.095%	99.256	2.227%	45644	45628	16	99.9649%	0	0
md_knn	iommu_e2048_m1000ns	2048	1000	4457.003	4464.789	7.786	0.175%	107.252	2.406%	45642	45626	16	99.9649%	0	0
mergesort	plain	-	-	3438.083	3438.083	0.000	0.000%	-	-	-	-	-	-	0	0
mergesort	aia-kd	-	-	3438.083	3478.356	40.273	1.171%	75.303	2.190%	-	-	-	-	120610	5
mergesort	iommu_e8_m100ns	8	100	3438.083	3439.316	1.233	0.036%	482.356	14.030%	240688	240678	10	99.9958%	0	0
mergesort	iommu_e8_m250ns	8	250	3438.083	3441.826	3.743	0.109%	483.856	14.073%	240688	240678	10	99.9958%	0	0
mergesort	iommu_e8_m500ns	8	500	3438.083	3439.427	1.344	0.039%	486.356	14.146%	240688	240678	10	99.9958%	0	0
mergesort	iommu_e8_m1000ns	8	1000	3438.083	3444.834	6.751	0.196%	491.356	14.292%	240688	240678	10	99.9958%	0	0
mergesort	iommu_e16_m100ns	16	100	3438.083	3439.316	1.233	0.036%	482.356	14.030%	240688	240678	10	99.9958%	0	0
mergesort	iommu_e16_m250ns	16	250	3438.083	3441.826	3.743	0.109%	483.856	14.073%	240688	240678	10	99.9958%	0	0
mergesort	iommu_e16_m500ns	16	500	3438.083	3439.427	1.344	0.039%	486.356	14.146%	240688	240678	10	99.9958%	0	0
mergesort	iommu_e16_m1000ns	16	1000	3438.083	3444.834	6.751	0.196%	491.356	14.292%	240688	240678	10	99.9958%	0	0
mergesort	iommu_e32_m100ns	32	100	3438.083	3439.316	1.233	0.036%	482.356	14.030%	240688	240678	10	99.9958%	0	0
mergesort	iommu_e32_m250ns	32	250	3438.083	3441.826	3.743	0.109%	483.856	14.073%	240688	240678	10	99.9958%	0	0
mergesort	iommu_e32_m500ns	32	500	3438.083	3439.427	1.344	0.039%	486.356	14.146%	240688	240678	10	99.9958%	0	0
mergesort	iommu_e32_m1000ns	32	1000	3438.083	3444.834	6.751	0.196%	491.356	14.292%	240688	240678	10	99.9958%	0	0
mergesort	iommu_e64_m100ns	64	100	3438.083	3439.316	1.233	0.036%	482.356	14.030%	240688	240678	10	99.9958%	0	0
mergesort	iommu_e64_m250ns	64	250	3438.083	3441.826	3.743	0.109%	483.856	14.073%	240688	240678	10	99.9958%	0	0
mergesort	iommu_e64_m500ns	64	500	3438.083	3439.427	1.344	0.039%	486.356	14.146%	240688	240678	10	99.9958%	0	0
mergesort	iommu_e64_m1000ns	64	1000	3438.083	3444.834	6.751	0.196%	491.356	14.292%	240688	240678	10	99.9958%	0	0
mergesort	iommu_e256_m100ns	256	100	3438.083	3439.316	1.233	0.036%	482.356	14.030%	240688	240678	10	99.9958%	0	0
mergesort	iommu_e256_m250ns	256	250	3438.083	3441.826	3.743	0.109%	483.856	14.073%	240688	240678	10	99.9958%	0	0
mergesort	iommu_e256_m500ns	256	500	3438.083	3439.427	1.344	0.039%	486.356	14.146%	240688	240678	10	99.9958%	0	0
mergesort	iommu_e256_m1000ns	256	1000	3438.083	3444.834	6.751	0.196%	491.356	14.292%	240688	240678	10	99.9958%	0	0
mergesort	iommu_e2048_m100ns	2048	100	3438.083	3439.316	1.233	0.036%	482.356	14.030%	240688	240678	10	99.9958%	0	0
mergesort	iommu_e2048_m250ns	2048	250	3438.083	3441.826	3.743	0.109%	483.856	14.073%	240688	240678	10	99.9958%	0	0
mergesort	iommu_e2048_m500ns	2048	500	3438.083	3439.427	1.344	0.039%	486.356	14.146%	240688	240678	10	99.9958%	0	0
mergesort	iommu_e2048_m1000ns	2048	1000	3438.083	3444.834	6.751	0.196%	491.356	14.292%	240688	240678	10	99.9958%	0	0
mobilenetv2	plain	-	-	25503.015	25503.015	0.000	0.000%	-	-	-	-	-	-	0	0
mobilenetv2	aia-kd	-	-	25503.015	27919.841	2416.826	9.477%	875299.977	3432.143%	-	-	-	-	330970279	550
mobilenetv2	iommu_e8_m100ns	8	100	25503.015	261576.433	236073.418	925.669%	13304461.352	52168.190%	1638708397	1536391676	102316721	93.7563%	0	0
mobilenetv2	iommu_e8_m250ns	8	250	25503.015	508000.399	482497.384	1891.923%	28653231.352	112352.329%	1637030065	1534694695	102335370	93.7487%	0	0
mobilenetv2	iommu_e8_m500ns	8	500	25503.015	918721.967	893218.952	3502.405%	54302846.552	212927.164%	1636808460	1534340129	102468331	93.7397%	0	0
mobilenetv2	iommu_e8_m1000ns	8	1000	25503.015	1739522.911	1714019.896	6720.852%	105537027.564	413821.768%	1636815138	1534346807	102468331	93.7398%	0	0
mobilenetv2	iommu_e16_m100ns	16	100	25503.015	101723.181	76220.166	298.867%	3259749.664	12781.821%	1629783642	1629781776	1866	99.9999%	0	0
mobilenetv2	iommu_e16_m250ns	16	250	25503.015	101804.304	76301.289	299.185%	3260066.852	12783.064%	1629802063	1629800197	1866	99.9999%	0	0
mobilenetv2	iommu_e16_m500ns	16	500	25503.015	101896.329	76393.314	299.546%	3260534.764	12784.899%	1629802564	1629800698	1866	99.9999%	0	0
mobilenetv2	iommu_e16_m1000ns	16	1000	25503.015	102076.805	76573.790	300.254%	3261478.964	12788.602%	1629808424	1629806558	1866	99.9999%	0	0
mobilenetv2	iommu_e32_m100ns	32	100	25503.015	101721.461	76218.446	298.861%	3259742.664	12781.793%	1629783491	1629781695	1796	99.9999%	0	0
mobilenetv2	iommu_e32_m250ns	32	250	25503.015	101808.168	76305.153	299.201%	3260050.264	12782.999%	1629802331	1629800535	1796	99.9999%	0	0
mobilenetv2	iommu_e32_m500ns	32	500	25503.015	101892.660	76389.645	299.532%	3260500.012	12784.763%	1629802627	1629800831	1796	99.9999%	0	0
mobilenetv2	iommu_e32_m1000ns	32	1000	25503.015	102069.291	76566.276	300.224%	3261409.252	12788.328%	1629808509	1629806713	1796	99.9999%	0	0
mobilenetv2	iommu_e64_m100ns	64	100	25503.015	101721.461	76218.446	298.861%	3259742.664	12781.793%	1629783491	1629781695	1796	99.9999%	0	0
mobilenetv2	iommu_e64_m250ns	64	250	25503.015	101808.168	76305.153	299.201%	3260050.264	12782.999%	1629802331	1629800535	1796	99.9999%	0	0
mobilenetv2	iommu_e64_m500ns	64	500	25503.015	101892.660	76389.645	299.532%	3260500.012	12784.763%	1629802627	1629800831	1796	99.9999%	0	0
mobilenetv2	iommu_e64_m1000ns	64	1000	25503.015	102069.291	76566.276	300.224%	3261409.252	12788.328%	1629808509	1629806713	1796	99.9999%	0	0
mobilenetv2	iommu_e256_m100ns	256	100	25503.015	101721.461	76218.446	298.861%	3259742.664	12781.793%	1629783491	1629781695	1796	99.9999%	0	0
mobilenetv2	iommu_e256_m250ns	256	250	25503.015	101808.168	76305.153	299.201%	3260050.264	12782.999%	1629802331	1629800535	1796	99.9999%	0	0
mobilenetv2	iommu_e256_m500ns	256	500	25503.015	101892.660	76389.645	299.532%	3260500.012	12784.763%	1629802627	1629800831	1796	99.9999%	0	0
mobilenetv2	iommu_e256_m1000ns	256	1000	25503.015	102069.291	76566.276	300.224%	3261409.252	12788.328%	1629808509	1629806713	1796	99.9999%	0	0
mobilenetv2	iommu_e2048_m100ns	2048	100	25503.015	101721.461	76218.446	298.861%	3259742.664	12781.793%	1629783491	1629781695	1796	99.9999%	0	0
mobilenetv2	iommu_e2048_m250ns	2048	250	25503.015	101808.168	76305.153	299.201%	3260050.264	12782.999%	1629802331	1629800535	1796	99.9999%	0	0
mobilenetv2	iommu_e2048_m500ns	2048	500	25503.015	101892.660	76389.645	299.532%	3260500.012	12784.763%	1629802627	1629800831	1796	99.9999%	0	0
mobilenetv2	iommu_e2048_m1000ns	2048	1000	25503.015	102069.291	76566.276	300.224%	3261409.252	12788.328%	1629808509	1629806713	1796	99.9999%	0	0
mobilenetv2_35	plain	-	-	25503.015	25503.015	0.000	0.000%	-	-	-	-	-	-	0	0
mobilenetv2_35	aia-kd	-	-	25503.015	26581.441	1078.426	4.229%	890049.487	3489.978%	-	-	-	-	330634905	485
mobilenetv2_35	iommu_e8_m100ns	8	100	25503.015	101999.559	76496.544	299.951%	3279742.948	12860.217%	1629751228	1629544686	206542	99.9873%	0	0
mobilenetv2_35	iommu_e8_m250ns	8	250	25503.015	102685.990	77182.975	302.643%	3309510.738	12976.939%	1629813808	1629612664	201144	99.9877%	0	0
mobilenetv2_35	iommu_e8_m500ns	8	500	25503.015	103810.920	78307.905	307.054%	3362497.546	13184.706%	1629807184	1629600591	206593	99.9873%	0	0
mobilenetv2_35	iommu_e8_m1000ns	8	1000	25503.015	106029.796	80526.781	315.754%	3465726.830	13589.479%	1629773618	1629567025	206593	99.9873%	0	0
mobilenetv2_35	iommu_e16_m100ns	16	100	25503.015	101628.967	76125.952	298.498%	3259645.230	12781.411%	1629750698	1629749230	1468	99.9999%	0	0
mobilenetv2_35	iommu_e16_m250ns	16	250	25503.015	101714.987	76211.972	298.835%	3259903.222	12782.423%	1629769838	1629768370	1468	99.9999%	0	0
mobilenetv2_35	iommu_e16_m500ns	16	500	25503.015	101797.368	76294.353	299.158%	3260271.730	12783.868%	1629770361	1629768893	1468	99.9999%	0	0
mobilenetv2_35	iommu_e16_m1000ns	16	1000	25503.015	102057.919	76554.904	300.180%	3261111.526	12787.161%	1629823377	1629821909	1468	99.9999%	0	0
mobilenetv2_35	iommu_e32_m100ns	32	100	25503.015	101628.967	76125.952	298.498%	3259645.230	12781.411%	1629750698	1629749230	1468	99.9999%	0	0
mobilenetv2_35	iommu_e32_m250ns	32	250	25503.015	101714.987	76211.972	298.835%	3259903.222	12782.423%	1629769838	1629768370	1468	99.9999%	0	0
mobilenetv2_35	iommu_e32_m500ns	32	500	25503.015	101797.368	76294.353	299.158%	3260271.730	12783.868%	1629770361	1629768893	1468	99.9999%	0	0
mobilenetv2_35	iommu_e32_m1000ns	32	1000	25503.015	102057.919	76554.904	300.180%	3261111.526	12787.161%	1629823377	1629821909	1468	99.9999%	0	0
mobilenetv2_35	iommu_e64_m100ns	64	100	25503.015	101628.967	76125.952	298.498%	3259645.230	12781.411%	1629750698	1629749230	1468	99.9999%	0	0
mobilenetv2_35	iommu_e64_m250ns	64	250	25503.015	101714.987	76211.972	298.835%	3259903.222	12782.423%	1629769838	1629768370	1468	99.9999%	0	0
mobilenetv2_35	iommu_e64_m500ns	64	500	25503.015	101797.368	76294.353	299.158%	3260271.730	12783.868%	1629770361	1629768893	1468	99.9999%	0	0
mobilenetv2_35	iommu_e64_m1000ns	64	1000	25503.015	102057.919	76554.904	300.180%	3261111.526	12787.161%	1629823377	1629821909	1468	99.9999%	0	0
mobilenetv2_35	iommu_e256_m100ns	256	100	25503.015	101628.967	76125.952	298.498%	3259645.230	12781.411%	1629750698	1629749230	1468	99.9999%	0	0
mobilenetv2_35	iommu_e256_m250ns	256	250	25503.015	101714.987	76211.972	298.835%	3259903.222	12782.423%	1629769838	1629768370	1468	99.9999%	0	0
mobilenetv2_35	iommu_e256_m500ns	256	500	25503.015	101797.368	76294.353	299.158%	3260271.730	12783.868%	1629770361	1629768893	1468	99.9999%	0	0
mobilenetv2_35	iommu_e256_m1000ns	256	1000	25503.015	102057.919	76554.904	300.180%	3261111.526	12787.161%	1629823377	1629821909	1468	99.9999%	0	0
mobilenetv2_35	iommu_e2048_m100ns	2048	100	25503.015	101628.967	76125.952	298.498%	3259645.230	12781.411%	1629750698	1629749230	1468	99.9999%	0	0
mobilenetv2_35	iommu_e2048_m250ns	2048	250	25503.015	101714.987	76211.972	298.835%	3259903.222	12782.423%	1629769838	1629768370	1468	99.9999%	0	0
mobilenetv2_35	iommu_e2048_m500ns	2048	500	25503.015	101797.368	76294.353	299.158%	3260271.730	12783.868%	1629770361	1629768893	1468	99.9999%	0	0
mobilenetv2_35	iommu_e2048_m1000ns	2048	1000	25503.015	102057.919	76554.904	300.180%	3261111.526	12787.161%	1629823377	1629821909	1468	99.9999%	0	0
mobilenetv2_75	plain	-	-	25503.015	25503.015	0.000	0.000%	-	-	-	-	-	-	0	0
mobilenetv2_75	aia-kd	-	-	25503.015	26574.651	1071.636	4.202%	889267.444	3486.911%	-	-	-	-	330767542	515
mobilenetv2_75	iommu_e8_m100ns	8	100	25503.015	159879.927	134376.912	526.906%	7060372.490	27684.462%	1630946222	1592186203	38760019	97.6235%	0	0
mobilenetv2_75	iommu_e8_m250ns	8	250	25503.015	251319.982	225816.967	885.452%	12961130.468	50821.954%	1630993233	1591883795	39109438	97.6021%	0	0
mobilenetv2_75	iommu_e8_m500ns	8	500	25503.015	401466.025	375963.010	1474.190%	22713553.252	89062.228%	1630210862	1591148353	39062509	97.6038%	0	0
mobilenetv2_75	iommu_e8_m1000ns	8	1000	25503.015	704524.807	679021.792	2662.516%	42244842.018	165646.462%	1630229016	1591166507	39062509	97.6039%	0	0
mobilenetv2_75	iommu_e16_m100ns	16	100	25503.015	101629.027	76126.012	298.498%	3259661.790	12781.476%	1629751678	1629750058	1620	99.9999%	0	0
mobilenetv2_75	iommu_e16_m250ns	16	250	25503.015	101617.178	76114.163	298.452%	3259943.282	12782.580%	1629770854	1629769234	1620	99.9999%	0	0
mobilenetv2_75	iommu_e16_m500ns	16	500	25503.015	101795.919	76292.904	299.152%	3260349.190	12784.172%	1629770852	1629769232	1620	99.9999%	0	0
mobilenetv2_75	iommu_e16_m1000ns	16	1000	25503.015	101968.603	76465.588	299.830%	3261182.992	12787.441%	1629783028	1629781408	1620	99.9999%	0	0
mobilenetv2_75	iommu_e32_m100ns	32	100	25503.015	101629.027	76126.012	298.498%	3259661.790	12781.476%	1629751678	1629750058	1620	99.9999%	0	0
mobilenetv2_75	iommu_e32_m250ns	32	250	25503.015	101617.178	76114.163	298.452%	3259943.282	12782.580%	1629770854	1629769234	1620	99.9999%	0	0
mobilenetv2_75	iommu_e32_m500ns	32	500	25503.015	101795.919	76292.904	299.152%	3260349.190	12784.172%	1629770852	1629769232	1620	99.9999%	0	0
mobilenetv2_75	iommu_e32_m1000ns	32	1000	25503.015	101968.603	76465.588	299.830%	3261182.992	12787.441%	1629783028	1629781408	1620	99.9999%	0	0
mobilenetv2_75	iommu_e64_m100ns	64	100	25503.015	101628.778	76125.763	298.497%	3259661.590	12781.475%	1629751672	1629750054	1618	99.9999%	0	0
mobilenetv2_75	iommu_e64_m250ns	64	250	25503.015	101616.929	76113.914	298.451%	3259942.882	12782.578%	1629770848	1629769230	1618	99.9999%	0	0
mobilenetv2_75	iommu_e64_m500ns	64	500	25503.015	101795.421	76292.406	299.151%	3260348.190	12784.168%	1629770852	1629769234	1618	99.9999%	0	0
mobilenetv2_75	iommu_e64_m1000ns	64	1000	25503.015	101967.607	76464.592	299.826%	3261180.992	12787.433%	1629783028	1629781410	1618	99.9999%	0	0
mobilenetv2_75	iommu_e256_m100ns	256	100	25503.015	101628.778	76125.763	298.497%	3259661.590	12781.475%	1629751672	1629750054	1618	99.9999%	0	0
mobilenetv2_75	iommu_e256_m250ns	256	250	25503.015	101616.929	76113.914	298.451%	3259942.882	12782.578%	1629770848	1629769230	1618	99.9999%	0	0
mobilenetv2_75	iommu_e256_m500ns	256	500	25503.015	101795.421	76292.406	299.151%	3260348.190	12784.168%	1629770852	1629769234	1618	99.9999%	0	0
mobilenetv2_75	iommu_e256_m1000ns	256	1000	25503.015	101967.607	76464.592	299.826%	3261180.992	12787.433%	1629783028	1629781410	1618	99.9999%	0	0
mobilenetv2_75	iommu_e2048_m100ns	2048	100	25503.015	101628.778	76125.763	298.497%	3259661.590	12781.475%	1629751672	1629750054	1618	99.9999%	0	0
mobilenetv2_75	iommu_e2048_m250ns	2048	250	25503.015	101616.929	76113.914	298.451%	3259942.882	12782.578%	1629770848	1629769230	1618	99.9999%	0	0
mobilenetv2_75	iommu_e2048_m500ns	2048	500	25503.015	101795.421	76292.406	299.151%	3260348.190	12784.168%	1629770852	1629769234	1618	99.9999%	0	0
mobilenetv2_75	iommu_e2048_m1000ns	2048	1000	25503.015	101967.607	76464.592	299.826%	3261180.992	12787.433%	1629783028	1629781410	1618	99.9999%	0	0
nw	plain	-	-	1068.516	1068.516	0.000	0.000%	-	-	-	-	-	-	0	0
nw	aia-kd	-	-	1068.516	1208.661	140.145	13.116%	268.651	25.142%	-	-	-	-	121669	21
nw	iommu_e8_m100ns	8	100	1068.516	1076.303	7.786	0.729%	490.674	45.921%	241515	241437	78	99.9677%	0	0
nw	iommu_e8_m250ns	8	250	1068.516	1081.494	12.977	1.214%	502.376	47.016%	241516	241438	78	99.9677%	0	0
nw	iommu_e8_m500ns	8	500	1068.516	1091.186	22.669	2.122%	521.872	48.841%	241514	241436	78	99.9677%	0	0
nw	iommu_e8_m1000ns	8	1000	1068.516	1110.534	42.018	3.932%	560.874	52.491%	241515	241437	78	99.9677%	0	0
nw	iommu_e16_m100ns	16	100	1068.516	1075.613	7.097	0.664%	490.478	45.903%	241515	241439	76	99.9685%	0	0
nw	iommu_e16_m250ns	16	250	1068.516	1081.494	12.977	1.214%	501.878	46.970%	241515	241439	76	99.9685%	0	0
nw	iommu_e16_m500ns	16	500	1068.516	1091.186	22.669	2.122%	520.880	48.748%	241516	241440	76	99.9685%	0	0
nw	iommu_e16_m1000ns	16	1000	1068.516	1109.514	40.998	3.837%	558.880	52.304%	241516	241440	76	99.9685%	0	0
nw	iommu_e32_m100ns	32	100	1068.516	1073.707	5.191	0.486%	487.110	45.588%	241497	241455	42	99.9826%	0	0
nw	iommu_e32_m250ns	32	250	1068.516	1076.303	7.786	0.729%	493.408	46.177%	241496	241454	42	99.9826%	0	0
nw	iommu_e32_m500ns	32	500	1068.516	1082.350	13.833	1.295%	503.910	47.160%	241497	241455	42	99.9826%	0	0
nw	iommu_e32_m1000ns	32	1000	1068.516	1092.608	24.091	2.255%	524.910	49.125%	241497	241455	42	99.9826%	0	0
nw	iommu_e64_m100ns	64	100	1068.516	1073.707	5.191	0.486%	487.110	45.588%	241497	241455	42	99.9826%	0	0
nw	iommu_e64_m250ns	64	250	1068.516	1076.303	7.786	0.729%	493.408	46.177%	241496	241454	42	99.9826%	0	0
nw	iommu_e64_m500ns	64	500	1068.516	1082.350	13.833	1.295%	503.910	47.160%	241497	241455	42	99.9826%	0	0
nw	iommu_e64_m1000ns	64	1000	1068.516	1092.608	24.091	2.255%	524.910	49.125%	241497	241455	42	99.9826%	0	0
nw	iommu_e256_m100ns	256	100	1068.516	1073.707	5.191	0.486%	487.110	45.588%	241497	241455	42	99.9826%	0	0
nw	iommu_e256_m250ns	256	250	1068.516	1076.303	7.786	0.729%	493.408	46.177%	241496	241454	42	99.9826%	0	0
nw	iommu_e256_m500ns	256	500	1068.516	1082.350	13.833	1.295%	503.910	47.160%	241497	241455	42	99.9826%	0	0
nw	iommu_e256_m1000ns	256	1000	1068.516	1092.608	24.091	2.255%	524.910	49.125%	241497	241455	42	99.9826%	0	0
nw	iommu_e2048_m100ns	2048	100	1068.516	1073.707	5.191	0.486%	487.110	45.588%	241497	241455	42	99.9826%	0	0
nw	iommu_e2048_m250ns	2048	250	1068.516	1076.303	7.786	0.729%	493.408	46.177%	241496	241454	42	99.9826%	0	0
nw	iommu_e2048_m500ns	2048	500	1068.516	1082.350	13.833	1.295%	503.910	47.160%	241497	241455	42	99.9826%	0	0
nw	iommu_e2048_m1000ns	2048	1000	1068.516	1092.608	24.091	2.255%	524.910	49.125%	241497	241455	42	99.9826%	0	0
spmv	plain	-	-	1462.783	1462.783	0.000	0.000%	-	-	-	-	-	-	0	0
spmv	aia-kd	-	-	1462.783	1496.602	33.819	2.312%	117.185	8.011%	-	-	-	-	7524	8
spmv	iommu_e8_m100ns	8	100	1462.783	1463.783	1.000	0.068%	30.900	2.112%	14666	14650	16	99.8909%	0	0
spmv	iommu_e8_m250ns	8	250	1462.783	1464.851	2.068	0.141%	33.296	2.276%	14664	14648	16	99.8909%	0	0
spmv	iommu_e8_m500ns	8	500	1462.783	1466.931	4.148	0.284%	37.296	2.550%	14664	14648	16	99.8909%	0	0
spmv	iommu_e8_m1000ns	8	1000	1462.783	1470.569	7.786	0.532%	45.296	3.097%	14664	14648	16	99.8909%	0	0
spmv	iommu_e16_m100ns	16	100	1462.783	1463.783	1.000	0.068%	30.900	2.112%	14666	14650	16	99.8909%	0	0
spmv	iommu_e16_m250ns	16	250	1462.783	1464.851	2.068	0.141%	33.296	2.276%	14664	14648	16	99.8909%	0	0
spmv	iommu_e16_m500ns	16	500	1462.783	1466.931	4.148	0.284%	37.296	2.550%	14664	14648	16	99.8909%	0	0
spmv	iommu_e16_m1000ns	16	1000	1462.783	1470.569	7.786	0.532%	45.296	3.097%	14664	14648	16	99.8909%	0	0
spmv	iommu_e32_m100ns	32	100	1462.783	1463.783	1.000	0.068%	30.900	2.112%	14666	14650	16	99.8909%	0	0
spmv	iommu_e32_m250ns	32	250	1462.783	1464.851	2.068	0.141%	33.296	2.276%	14664	14648	16	99.8909%	0	0
spmv	iommu_e32_m500ns	32	500	1462.783	1466.931	4.148	0.284%	37.296	2.550%	14664	14648	16	99.8909%	0	0
spmv	iommu_e32_m1000ns	32	1000	1462.783	1470.569	7.786	0.532%	45.296	3.097%	14664	14648	16	99.8909%	0	0
spmv	iommu_e64_m100ns	64	100	1462.783	1463.783	1.000	0.068%	30.900	2.112%	14666	14650	16	99.8909%	0	0
spmv	iommu_e64_m250ns	64	250	1462.783	1464.851	2.068	0.141%	33.296	2.276%	14664	14648	16	99.8909%	0	0
spmv	iommu_e64_m500ns	64	500	1462.783	1466.931	4.148	0.284%	37.296	2.550%	14664	14648	16	99.8909%	0	0
spmv	iommu_e64_m1000ns	64	1000	1462.783	1470.569	7.786	0.532%	45.296	3.097%	14664	14648	16	99.8909%	0	0
spmv	iommu_e256_m100ns	256	100	1462.783	1463.783	1.000	0.068%	30.900	2.112%	14666	14650	16	99.8909%	0	0
spmv	iommu_e256_m250ns	256	250	1462.783	1464.851	2.068	0.141%	33.296	2.276%	14664	14648	16	99.8909%	0	0
spmv	iommu_e256_m500ns	256	500	1462.783	1466.931	4.148	0.284%	37.296	2.550%	14664	14648	16	99.8909%	0	0
spmv	iommu_e256_m1000ns	256	1000	1462.783	1470.569	7.786	0.532%	45.296	3.097%	14664	14648	16	99.8909%	0	0
spmv	iommu_e2048_m100ns	2048	100	1462.783	1463.783	1.000	0.068%	30.900	2.112%	14666	14650	16	99.8909%	0	0
spmv	iommu_e2048_m250ns	2048	250	1462.783	1464.851	2.068	0.141%	33.296	2.276%	14664	14648	16	99.8909%	0	0
spmv	iommu_e2048_m500ns	2048	500	1462.783	1466.931	4.148	0.284%	37.296	2.550%	14664	14648	16	99.8909%	0	0
spmv	iommu_e2048_m1000ns	2048	1000	1462.783	1470.569	7.786	0.532%	45.296	3.097%	14664	14648	16	99.8909%	0	0
stencil2d	plain	-	-	14058.818	14058.818	0.000	0.000%	-	-	-	-	-	-	0	0
stencil2d	aia-kd	-	-	14058.818	14102.293	43.475	0.309%	576.233	4.099%	-	-	-	-	156941	17
stencil2d	iommu_e8_m100ns	8	100	14058.818	14035.460	-23.358	-0.166%	807.254	5.742%	312193	310327	1866	99.4023%	0	0
stencil2d	iommu_e8_m250ns	8	250	14058.818	14175.607	116.789	0.831%	1087.154	7.733%	312193	310327	1866	99.4023%	0	0
stencil2d	iommu_e8_m500ns	8	500	14058.818	14406.653	347.835	2.474%	1553.658	11.051%	312195	310329	1866	99.4023%	0	0
stencil2d	iommu_e8_m1000ns	8	1000	14058.818	14876.331	817.513	5.815%	2486.660	17.688%	312194	310328	1866	99.4023%	0	0
stencil2d	iommu_e16_m100ns	16	100	14058.818	14035.460	-23.358	-0.166%	807.254	5.742%	312193	310327	1866	99.4023%	0	0
stencil2d	iommu_e16_m250ns	16	250	14058.818	14175.607	116.789	0.831%	1087.154	7.733%	312193	310327	1866	99.4023%	0	0
stencil2d	iommu_e16_m500ns	16	500	14058.818	14406.653	347.835	2.474%	1553.658	11.051%	312195	310329	1866	99.4023%	0	0
stencil2d	iommu_e16_m1000ns	16	1000	14058.818	14876.331	817.513	5.815%	2486.660	17.688%	312194	310328	1866	99.4023%	0	0
stencil2d	iommu_e32_m100ns	32	100	14058.818	13945.250	-113.568	-0.808%	626.408	4.456%	311538	311504	34	99.9891%	0	0
stencil2d	iommu_e32_m250ns	32	250	14058.818	13944.449	-114.369	-0.814%	631.508	4.492%	311538	311504	34	99.9891%	0	0
stencil2d	iommu_e32_m500ns	32	500	14058.818	13949.474	-109.344	-0.778%	640.012	4.552%	311540	311506	34	99.9891%	0	0
stencil2d	iommu_e32_m1000ns	32	1000	14058.818	13959.397	-99.421	-0.707%	657.012	4.673%	311540	311506	34	99.9891%	0	0
stencil2d	iommu_e64_m100ns	64	100	14058.818	13945.250	-113.568	-0.808%	626.408	4.456%	311538	311504	34	99.9891%	0	0
stencil2d	iommu_e64_m250ns	64	250	14058.818	13944.449	-114.369	-0.814%	631.508	4.492%	311538	311504	34	99.9891%	0	0
stencil2d	iommu_e64_m500ns	64	500	14058.818	13949.474	-109.344	-0.778%	640.012	4.552%	311540	311506	34	99.9891%	0	0
stencil2d	iommu_e64_m1000ns	64	1000	14058.818	13959.397	-99.421	-0.707%	657.012	4.673%	311540	311506	34	99.9891%	0	0
stencil2d	iommu_e256_m100ns	256	100	14058.818	13945.250	-113.568	-0.808%	626.408	4.456%	311538	311504	34	99.9891%	0	0
stencil2d	iommu_e256_m250ns	256	250	14058.818	13944.449	-114.369	-0.814%	631.508	4.492%	311538	311504	34	99.9891%	0	0
stencil2d	iommu_e256_m500ns	256	500	14058.818	13949.474	-109.344	-0.778%	640.012	4.552%	311540	311506	34	99.9891%	0	0
stencil2d	iommu_e256_m1000ns	256	1000	14058.818	13959.397	-99.421	-0.707%	657.012	4.673%	311540	311506	34	99.9891%	0	0
stencil2d	iommu_e2048_m100ns	2048	100	14058.818	13945.250	-113.568	-0.808%	626.408	4.456%	311538	311504	34	99.9891%	0	0
stencil2d	iommu_e2048_m250ns	2048	250	14058.818	13944.449	-114.369	-0.814%	631.508	4.492%	311538	311504	34	99.9891%	0	0
stencil2d	iommu_e2048_m500ns	2048	500	14058.818	13949.474	-109.344	-0.778%	640.012	4.552%	311540	311506	34	99.9891%	0	0
stencil2d	iommu_e2048_m1000ns	2048	1000	14058.818	13959.397	-99.421	-0.707%	657.012	4.673%	311540	311506	34	99.9891%	0	0
stencil3d	plain	-	-	13879.399	13879.399	0.000	0.000%	-	-	-	-	-	-	0	0
stencil3d	aia-kd	-	-	13879.399	14035.379	155.980	1.124%	1045.555	7.533%	-	-	-	-	139072	33
stencil3d	iommu_e8_m100ns	8	100	13879.399	13944.770	65.371	0.471%	572.048	4.122%	276420	276224	196	99.9291%	0	0
stencil3d	iommu_e8_m250ns	8	250	13879.399	13959.717	80.318	0.579%	601.516	4.334%	276454	276258	196	99.9291%	0	0
stencil3d	iommu_e8_m500ns	8	500	13879.399	13983.303	103.904	0.749%	650.516	4.687%	276454	276258	196	99.9291%	0	0
stencil3d	iommu_e8_m1000ns	8	1000	13879.399	14031.805	152.406	1.098%	748.504	5.393%	276448	276252	196	99.9291%	0	0
stencil3d	iommu_e16_m100ns	16	100	13879.399	13944.770	65.371	0.471%	572.048	4.122%	276420	276224	196	99.9291%	0	0
stencil3d	iommu_e16_m250ns	16	250	13879.399	13959.717	80.318	0.579%	601.516	4.334%	276454	276258	196	99.9291%	0	0
stencil3d	iommu_e16_m500ns	16	500	13879.399	13983.303	103.904	0.749%	650.516	4.687%	276454	276258	196	99.9291%	0	0
stencil3d	iommu_e16_m1000ns	16	1000	13879.399	14031.805	152.406	1.098%	748.504	5.393%	276448	276252	196	99.9291%	0	0
stencil3d	iommu_e32_m100ns	32	100	13879.399	13938.375	58.976	0.425%	559.456	4.031%	276396	276328	68	99.9754%	0	0
stencil3d	iommu_e32_m250ns	32	250	13879.399	13944.297	64.898	0.468%	569.668	4.104%	276402	276334	68	99.9754%	0	0
stencil3d	iommu_e32_m500ns	32	500	13879.399	13951.932	72.533	0.523%	586.672	4.227%	276404	276336	68	99.9754%	0	0
stencil3d	iommu_e32_m1000ns	32	1000	13879.399	13968.381	88.982	0.641%	620.660	4.472%	276398	276330	68	99.9754%	0	0
stencil3d	iommu_e64_m100ns	64	100	13879.399	13938.375	58.976	0.425%	559.260	4.029%	276396	276330	66	99.9761%	0	0
stencil3d	iommu_e64_m250ns	64	250	13879.399	13944.070	64.671	0.466%	569.172	4.101%	276402	276336	66	99.9761%	0	0
stencil3d	iommu_e64_m500ns	64	500	13879.399	13951.124	71.725	0.517%	585.676	4.220%	276404	276338	66	99.9761%	0	0
stencil3d	iommu_e64_m1000ns	64	1000	13879.399	13967.503	88.104	0.635%	618.664	4.457%	276398	276332	66	99.9761%	0	0
stencil3d	iommu_e256_m100ns	256	100	13879.399	13938.375	58.976	0.425%	559.260	4.029%	276396	276330	66	99.9761%	0	0
stencil3d	iommu_e256_m250ns	256	250	13879.399	13944.070	64.671	0.466%	569.172	4.101%	276402	276336	66	99.9761%	0	0
stencil3d	iommu_e256_m500ns	256	500	13879.399	13951.124	71.725	0.517%	585.676	4.220%	276404	276338	66	99.9761%	0	0
stencil3d	iommu_e256_m1000ns	256	1000	13879.399	13967.503	88.104	0.635%	618.664	4.457%	276398	276332	66	99.9761%	0	0
stencil3d	iommu_e2048_m100ns	2048	100	13879.399	13938.375	58.976	0.425%	559.260	4.029%	276396	276330	66	99.9761%	0	0
stencil3d	iommu_e2048_m250ns	2048	250	13879.399	13944.070	64.671	0.466%	569.172	4.101%	276402	276336	66	99.9761%	0	0
stencil3d	iommu_e2048_m500ns	2048	500	13879.399	13951.124	71.725	0.517%	585.676	4.220%	276404	276338	66	99.9761%	0	0
stencil3d	iommu_e2048_m1000ns	2048	1000	13879.399	13967.503	88.104	0.635%	618.664	4.457%	276398	276332	66	99.9761%	0	0
